Lane,Rate Basis,Role,Rate,Currency,Validated By,Validated At,Indicative Low,Indicative High,Duration Weeks Range,Effort Basis,Disclaimer Class,Approved
augmented,per-resource-hourly,,,BRL,user,2026-09-24,3723117.2,7879306.4,19-38,"12 papéis PS (R01-R12) do lane Aumentada — roster estendido em 2026-09-24 com a Fase 5 (Operação Assistida e Handover para Sustentação): R11 Functional Consultant e R12 Developer, par onshore dedicado full-time só na Fase 5 (data/resource-plan.json). R09 (Change & Adoption) sobe de quarter para half nesta mesma revisão, reforçando no handover.",input-derived,yes
augmented,per-resource-hourly,,,BRL,user,2026-09-24,3723117.2,7879306.4,19-38,"12 papéis PS (R01-R12) do lane Aumentada — roster estendido em 2026-09-24 com a Fase 5 (Operação Assistida e Handover para Sustentação): R11 Functional Consultant e R12 Developer, par onshore dedicado full-time só na Fase 5 (data/resource-plan.json). R09 (Change & Adoption) sobe de quarter para half nesta mesma revisão, reforçando no handover.",input-derived,yes
augmented,per-resource-hourly,,,BRL,user,2026-09-24,3723117.2,7879306.4,19-38,"12 papéis PS (R01-R12) do lane Aumentada — roster estendido em 2026-09-24 com a Fase 5 (Operação Assistida e Handover para Sustentação): R11 Functional Consultant e R12 Developer, par onshore dedicado full-time só na Fase 5 (data/resource-plan.json). R09 (Change & Adoption) sobe de quarter para half nesta mesma revisão, reforçando no handover.",input-derived,yes
augmented,per-resource-hourly,,,BRL,user,2026-09-24,3723117.2,7879306.4,19-38,"12 papéis PS (R01-R12) do lane Aumentada — roster estendido em 2026-09-24 com a Fase 5 (Operação Assistida e Handover para Sustentação): R11 Functional Consultant e R12 Developer, par onshore dedicado full-time só na Fase 5 (data/resource-plan.json). R09 (Change & Adoption) sobe de quarter para half nesta mesma revisão, reforçando no handover.",input-derived,yes
augmented,per-resource-hourly,,,BRL,user,2026-09-24,3723117.2,7879306.4,19-38,"12 papéis PS (R01-R12) do lane Aumentada — roster estendido em 2026-09-24 com a Fase 5 (Operação Assistida e Handover para Sustentação): R11 Functional Consultant e R12 Developer, par onshore dedicado full-time só na Fase 5 (data/resource-plan.json). R09 (Change & Adoption) sobe de quarter para half nesta mesma revisão, reforçando no handover.",input-derived,yes
augmented,per-resource-hourly,,,BRL,user,2026-09-24,3723117.2,7879306.4,19-38,"12 papéis PS (R01-R12) do lane Aumentada — roster estendido em 2026-09-24 com a Fase 5 (Operação Assistida e Handover para Sustentação): R11 Functional Consultant e R12 Developer, par onshore dedicado full-time só na Fase 5 (data/resource-plan.json). R09 (Change & Adoption) sobe de quarter para half nesta mesma revisão, reforçando no handover.",input-derived,yes
augmented,per-resource-hourly,,,BRL,user,2026-09-24,3723117.2,7879306.4,19-38,"12 papéis PS (R01-R12) do lane Aumentada — roster estendido em 2026-09-24 com a Fase 5 (Operação Assistida e Handover para Sustentação): R11 Functional Consultant e R12 Developer, par onshore dedicado full-time só na Fase 5 (data/resource-plan.json). R09 (Change & Adoption) sobe de quarter para half nesta mesma revisão, reforçando no handover.",input-derived,yes
augmented,per-resource-hourly,,,BRL,user,2026-09-24,3723117.2,7879306.4,19-38,"12 papéis PS (R01-R12) do lane Aumentada — roster estendido em 2026-09-24 com a Fase 5 (Operação Assistida e Handover para Sustentação): R11 Functional Consultant e R12 Developer, par onshore dedicado full-time só na Fase 5 (data/resource-plan.json). R09 (Change & Adoption) sobe de quarter para half nesta mesma revisão, reforçando no handover.",input-derived,yes
augmented,per-resource-hourly,,,BRL,user,2026-09-24,3723117.2,7879306.4,19-38,"12 papéis PS (R01-R12) do lane Aumentada — roster estendido em 2026-09-24 com a Fase 5 (Operação Assistida e Handover para Sustentação): R11 Functional Consultant e R12 Developer, par onshore dedicado full-time só na Fase 5 (data/resource-plan.json). R09 (Change & Adoption) sobe de quarter para half nesta mesma revisão, reforçando no handover.",input-derived,yes
augmented,per-resource-hourly,,,BRL,user,2026-09-24,3723117.2,7879306.4,19-38,"12 papéis PS (R01-R12) do lane Aumentada — roster estendido em 2026-09-24 com a Fase 5 (Operação Assistida e Handover para Sustentação): R11 Functional Consultant e R12 Developer, par onshore dedicado full-time só na Fase 5 (data/resource-plan.json). R09 (Change & Adoption) sobe de quarter para half nesta mesma revisão, reforçando no handover.",input-derived,yes
augmented,per-resource-hourly,,,BRL,user,2026-09-24,3723117.2,7879306.4,19-38,"12 papéis PS (R01-R12) do lane Aumentada — roster estendido em 2026-09-24 com a Fase 5 (Operação Assistida e Handover para Sustentação): R11 Functional Consultant e R12 Developer, par onshore dedicado full-time só na Fase 5 (data/resource-plan.json). R09 (Change & Adoption) sobe de quarter para half nesta mesma revisão, reforçando no handover.",input-derived,yes
augmented,per-resource-hourly,,,BRL,user,2026-09-24,3723117.2,7879306.4,19-38,"12 papéis PS (R01-R12) do lane Aumentada — roster estendido em 2026-09-24 com a Fase 5 (Operação Assistida e Handover para Sustentação): R11 Functional Consultant e R12 Developer, par onshore dedicado full-time só na Fase 5 (data/resource-plan.json). R09 (Change & Adoption) sobe de quarter para half nesta mesma revisão, reforçando no handover.",input-derived,yes
