ID,Title,Epic ID,Phase,Priority,Confidence,Surface,Outcome Summary,Has Metric,Open Question Count,Build Target Present,Internal Dep Count,External Dep Count,Requirement Count,Artifact Count
INT-001,Contract-first mock harness for external systems (mock→real governance),E05,1,,Confirmed,integration,"Every external system the Novo PAT marketplace depends on is reachable through a versioned, contract-first mock behind a stable System API, so build proceeds before any real Swagger exists and swaps to the real endpoint without rework.",no,2,yes,0,1,0,2
INT-002,CPF de-tokenization / identity-resolution service on-premise,E05,1,,Confirmed,integration,"The Salesforce core references workers and establishments by non-sensitive token; nominal/CPF data is resolved at runtime, only when authorized, inside the Dataprev sovereign perimeter and never persisted in the Salesforce cloud.",no,1,yes,0,2,0,2
INT-003,External-caller authentication & rate-limited token validation gateway,E05,1,,Confirmed,security,"External callers (facilitadoras, adquirente) authenticate by CNPJ via client-credentials flow against a scope-restricted connected app; tokens are validated with rate limiting and caching before any integration endpoint runs.",no,1,yes,0,1,0,1
INT-004,Federal-source read & validation System APIs (mock-first),E05,1,,Assumed,integration,"The platform validates a beneficiária's/facilitadora's regular standing and reads required reference data from federal sources (Novo PAT regularity, GOV.BR/Geride, eSocial, SDC) through System APIs, running on mocks now and cutting over to real endpoints when contracts land.",no,1,yes,0,2,0,1
INT-005,INIS PJ / Kinis PJ termo-de-aceite data ingest,E05,1,,Assumed,integration,"The platform ingests the acceptance-term data originated in INIS PJ/Kinis PJ — worker counts by salary band and matriz/filial structure — as the source of the beneficiária's termo de aceite, referenced by non-sensitive identifier in the core.",no,1,yes,0,1,0,1
INT-006,"Facilitadora standard contract: Quote hand-off, processed-return, open-demand pull endpoint",E05,1,,Assumed,integration,"Every one of the ~600–700 facilitadoras integrates through one standard API contract: it receives Quotes, returns the processed result plus value, and can pull the open demands in the current vigência — a certifiable single contract, not a bespoke connector per facilitadora.",no,2,yes,0,1,0,1
INT-007,Adquirente credenciamento-check API & transaction-monitoring ingest,E05,1,,Assumed,integration,"An adquirente can query an establishment's accreditation status before processing a transaction, and sends all transactions into the platform for monitoring — the a-posteriori visibility feed for the MTE.",no,1,yes,0,1,0,1
INT-008,Scheduled incremental bank-movement reconciliation feed (gateway → CRM),E05,1,,Assumed,integration,"On a MuleSoft schedule, the platform pulls the registered boleto and the incremental bank movements returned by the gateway/banco custódia and lands them in the CRM so the split boletagem can be matched to what was actually paid.",no,2,yes,0,1,0,1
INT-009,Modelo de dados de referências tokenizadas — CPF e dados sensíveis nunca persistem na org,E08,1,,Assumed,data-model,"Os objetos do PAT (cotação, proposta, contrato, folha, beneficiária, estabelecimento) referenciam pessoas e estabelecimentos por um identificador não-sensível; nenhum CPF ou dado pessoal sensível é gravado em campo, anexo, histórico ou log da org Salesforce.",no,1,yes,0,1,0,1
INT-010,Contrato de de-tokenização em runtime via MuleSoft on-premise,E08,1,,Assumed,data-model,"Quando um usuário autorizado precisa ver o dado nominal de uma beneficiária/estabelecimento, a org resolve o identificador tokenizado em runtime por uma chamada ao MuleSoft on-premise, que de-tokeniza no perímetro soberano Dataprev — sem que o dado resolvido seja gravado na org.",no,1,yes,0,1,0,2
INT-011,Trilha de auditoria imutável de acesso a dado sensível,E08,1,,Assumed,security,"Todo acesso a dado sensível (resolução de identificador, leitura de campo-fronteira, ação sobre registro financeiro) gera um registro de trilha imutável — quem, o quê, quando — que sustenta escrutínio de TCU/CGU/ANPD e não pode ser alterado nem apagado por administrador.",no,1,yes,0,0,0,1
INT-012,"Mascaramento de CPF em logs, depuração e mensagens de erro",E08,1,,Assumed,security,"CPF e dados pessoais sensíveis nunca aparecem em claro em logs de sistema, logs de depuração, mensagens de erro, notificações ou telas de diagnóstico — são mascarados ou substituídos pela referência tokenizada em toda saída observável.",no,0,yes,0,0,0,0
INT-013,Modelo de isolamento e acesso de menor privilégio na org dedicada,E08,1,,Assumed,security,"Dentro da instância dedicada e apartada do MTE/PAT, o acesso a dado sensível e a operações financeiras é concedido por menor privilégio via permission sets e modelo de compartilhamento, de modo que só perfis autorizados resolvem dado nominal e nenhum administrador de outro ambiente Dataprev enxerga estes dados.",no,2,yes,0,1,0,2
INT-014,Autenticação gov.br via OpenID Connect no Experience Cloud,E01,1,,Assumed,security,"Uma representante de uma empresa beneficiária entra no portal do PAT usando sua conta gov.br, sem senha própria da plataforma — a identidade gov.br é a única porta de entrada.",no,2,yes,2,1,0,2
INT-015,Seleção 'representar empresa' dirigida por procuração,E01,1,,Assumed,experience-cloud,"Após o login, a representante vê apenas os CNPJs que sua procuração digital a autoriza a operar, escolhe uma empresa (Matriz ou Filial) e passa a navegar o portal naquele contexto — podendo trocar de empresa pelo menu superior.",no,3,yes,2,0,0,2
INT-016,Validação de vínculo CPF↔CNPJ via Geride,E01,1,,Assumed,automation,A lista de empresas que a representante pode operar reflete os vínculos válidos e ativos apurados na fonte oficial em tempo de acesso — vínculo revogado ou empresa irregular não aparece nem é operável.,no,1,yes,2,1,0,2
INT-017,Controle de acesso e navegação do portal por papel,E01,1,,Assumed,security,Cada tipo de usuário vê e opera somente o que seu papel permite — a representante da beneficiária navega cotação/folha da(s) empresa(s) que representa; o estabelecimento vê seu próprio escopo; o administrador do MTE tem sua visão de gestão — sem cruzar dados entre empresas.,no,2,yes,2,0,0,2
INT-018,Sessão e logout federado gov.br,E01,1,,Assumed,experience-cloud,"A sessão do portal tem começo e fim claros: ao sair, a representante encerra a sessão do Experience Cloud e o vínculo com a identidade gov.br, sem deixar contexto de empresa aberto para um próximo acesso indevido.",no,1,yes,2,0,0,1
INT-019,Publicação da demanda como Opportunity nativa (leilão reverso),E02,2,,Confirmed,experience-cloud,"A beneficiária registra sua demanda de leilão reverso como uma Opportunity nativa do Sales Cloud, com todos os parâmetros que as facilitadoras precisam para cotar.",no,2,yes,2,0,0,1
INT-020,Recepção de Quotes das facilitadoras via API dentro da vigência,E02,2,,Confirmed,automation,"N facilitadoras submetem propostas como Quotes nativas associadas à Opportunity aberta, exclusivamente via API, sem UI nem licença de portal — a equidade é por construção.",no,1,yes,2,0,0,1
INT-021,Máquina de estados da janela de vigência + trava de seleção até o fechamento,E02,2,,Confirmed,automation,"O ciclo da demanda transita por estados regidos pela janela de vigência; a beneficiária vê as Quotes conforme chegam, mas a seleção fica travada até a janela fechar (não é seleção cega).",no,2,yes,2,0,0,1
INT-022,Tela Comparar Propostas (LWC) lado a lado,E02,2,,Assumed,lwc,"A beneficiária compara as Quotes recebidas lado a lado numa tela custom, com os atributos decisórios normalizados para comparação justa.",no,3,yes,2,0,0,1
INT-023,Seleção do vencedor → firmamento do contrato,E02,2,,Assumed,screen-flow,"Após o fechamento da janela, a beneficiária seleciona uma Quote e a plataforma transita a demanda para contrato firmado, com trilha de justificativa.",no,1,yes,2,0,0,1
INT-024,Upload e versionamento do PDF de contrato (sem CLM),E02,2,,Assumed,data-model,"A facilitadora anexa o PDF imutável do contrato com metadados e versões (aditivo = nova versão), sem gestão de ciclo de vida de contrato.",no,1,yes,2,0,0,2
INT-025,Termo de aceite: classificação por faixa salarial + matriz/filial → Novo PAT,E02,2,,Assumed,screen-flow,"Após o contrato firmado, a beneficiária classifica o nº de trabalhadores acima/abaixo de 5 salários mínimos por CNPJ e matriz/filial, e o aceite é integrado ao Novo PAT via INIS PJ.",no,1,yes,2,0,0,1
INT-026,Ramificação de regras de cálculo PAT vs. não-PAT,E02,2,,Assumed,automation,"Beneficiárias PAT e não-PAT contratam pela mesma plataforma, mas com regras de cálculo distintas — PAT sob o teto de 3,6%, não-PAT sem benefício fiscal.",no,1,yes,2,0,0,1
INT-027,Carga de contratos legados,E02,2,,Assumed,data-model,"Contratos legados existentes são carregados na plataforma, mapeados à estrutura nativa Opportunity/Quote/Account com seus PDFs e metadados.",no,1,yes,2,0,0,1
INT-028,Autocadastro de estabelecimento via gov.br (PJ),E04,2,,Assumed,experience-cloud,"Um estabelecimento se cadastra uma única vez no portal, autenticado como PJ via gov.br, e a plataforma cria um registro pendente na base nacional unificada de estabelecimentos — substituindo o credenciamento repetido facilitadora a facilitadora.",no,2,yes,2,1,0,2
INT-029,Envio de documentos do estabelecimento com checklist guiado,E04,2,,Assumed,experience-cloud,"O estabelecimento sobe os documentos exigidos para o credenciamento (licença sanitária, comprovações de regularidade) anexados ao seu registro, com orientação de quais documentos são necessários e por que o cadastro está pendente.",no,1,yes,2,0,0,1
INT-030,Validação documental automatizada com transbordo humano,E04,2,,Assumed,automation,"A plataforma aplica regras determinísticas de validação sobre o cadastro e os documentos (CNPJ ativo, CNAE compatível com alimentação, integridade do documento) e resolve automaticamente os casos claros, transbordando para análise humana somente as exceções.",no,1,yes,2,0,0,1
INT-031,Análise documento a documento e parecer do Analista MTE,E04,2,,Assumed,console,"Um Analista MTE analisa cada documento do estabelecimento (Válido/Inválido + motivo), emite um parecer sobre o credenciamento (Deferido / Exigência complementar / Indeferido) e toda a operação fica registrada em trilha de auditoria.",no,1,yes,2,0,0,1
INT-032,Ação legal de aprovar e descredenciar (facilitadora/MTE) com propagação de status,E04,2,,Assumed,console,"A facilitadora mantém o papel legal de aprovar e descredenciar o estabelecimento na sua relação, e o MTE pode descredenciar do programa; a mudança de status vira o estado consultável pela base de estabelecimentos que o adquirente lê antes de transacionar.",no,2,yes,2,1,0,2
INT-033,Captura da licença sanitária com extração de campos por IA,E04,2,,Assumed,automation,"A plataforma captura a data de validade da licença sanitária — o único campo comum aos 5000+ padrões municipais sem base unificada — usando extração por IA sobre o documento enviado, com o analista confirmando o valor quando a extração não for confiável.",no,1,yes,2,0,0,1
INT-034,"Rastreio de vencimento, renovação e alertas de expiração",E04,2,,Assumed,automation,"A plataforma rastreia a data de validade da licença de cada estabelecimento, dispara alertas com antecedência antes do vencimento e conduz o fluxo de renovação, de modo que uma licença não expire silenciosamente e o estabelecimento continue apto.",no,1,yes,2,0,0,1
INT-035,"Recepção assíncrona de folha (upload CSV via portal/API, desacoplado)",E03,3,,Assumed,integration,A beneficiária envia o CSV da folha da competência pelo portal ou por API e recebe confirmação de recebimento em segundos; o arquivo entra numa fila de processamento sem travar a sessão nem consumir um slot de processamento longo.,no,2,yes,3,0,0,2
INT-036,Validação de layout e integridade da folha (não quebrada),E03,3,,Assumed,automation,"Toda folha enfileirada passa por uma checagem automática de layout e integridade estrutural; folhas íntegras seguem para disponibilização à facilitadora e as inconsistentes são sinalizadas à beneficiária com o motivo, sem persistir as linhas.",no,1,yes,3,0,0,2
INT-037,Crítica da folha por IA (assíncrona; melhor alternativa Salesforce a definir),E03,3,,Unknown,automation,Folhas que passam na validação estrutural recebem uma crítica automática mais rica (consistência dos dados da competência) executada de forma assíncrona; o resultado alimenta a liberação para download sem que a crítica rode no clique do upload.,no,1,yes,3,0,0,2
INT-038,"Modelo de dados financeiro (folha cabeçalho/competência, contrato, regras de split)",E03,3,,Confirmed,data-model,"A plataforma tem os objetos custom que sustentam o ciclo financeiro — folha por competência (só cabeçalho), contrato/vigência e regras de split parametrizáveis — sobre a base Sales Cloud, sem Revenue Cloud e sem persistir linhas de folha.",no,1,yes,3,0,0,3
INT-039,Disponibilização da folha à facilitadora e retorno de 'processado + valor',E03,3,,Assumed,integration,"A facilitadora baixa a folha íntegra por contrato e vigência (mês-ano) via API e devolve à plataforma o status 'processado' com o valor a pagar, que passa a alimentar a emissão de boleto.",no,1,yes,3,1,0,2
INT-040,Solicitação e recebimento de boleto registrado junto ao gateway,E03,3,,Unknown,integration,"Com o valor da folha processado, a plataforma envia a instrução de cobrança ao gateway (que intermedia a conta custódia) e recebe de volta o boleto registrado com metadados e link, sem movimentar dinheiro.",no,1,yes,3,1,0,2
INT-041,Disponibilização do boleto à beneficiária no portal,E03,3,,Assumed,experience-cloud,"Assim que o boleto registrado retorna do gateway, a beneficiária o encontra disponível no portal (link/metadados) vinculado à folha da competência.",no,0,yes,3,0,0,1
INT-042,Conciliação agendada de movimentações bancárias (casamento incremental) e identificação de pagamento,E03,3,,Assumed,automation,"A plataforma recebe do gateway as movimentações bancárias em lotes incrementais por agendamento e faz o casamento com os boletos emitidos, identificando o pagamento e avançando o status da folha automaticamente.",no,1,yes,3,1,0,2
INT-043,"Motor de regras de split (teto MDR 3,6%, repasse ≤15 dias, ramificação PAT vs não-PAT)",E03,3,,Assumed,automation,"Identificado o pagamento, a plataforma consulta as regras de split e calcula o rateio entre facilitadora, governo/MTE e demais partes, aplicando o teto de MDR de 3,6%, a distinção entre beneficiária PAT e não-PAT e o prazo de repasse de até 15 dias.",no,2,yes,3,0,0,3
INT-044,Registro do racional de cálculo (trilha auditável) e entrega das ordens de transferência ao gateway,E03,3,,Assumed,automation,"A plataforma registra todo o racional do repasse — datas, split aplicado, ordens de transferência — como trilha auditável e entrega as ordens de transferência ao gateway via MuleSoft, que executa a movimentação.",no,1,yes,3,1,0,2
INT-045,Status consolidado 'crédito concedido' e gatilho de notificação (empresa + CTPS Digital),E03,3,,Assumed,automation,"Concluído o repasse, a folha exibe um status consolidado 'crédito concedido' em uma única linha (não por trabalhador) e dispara a notificação à empresa e, via CTPS Digital, a 'expectativa de crédito' ao trabalhador — monitoramento apenas na Fase 1.",no,1,yes,3,1,0,2
INT-046,Carga inicial idempotente de referências não-sensíveis (Bulk API 2.0 + upsert por external ID),E07,4,,Assumed,integration,"O conjunto mínimo de beneficiárias, facilitadoras e estabelecimentos necessário ao go-live de 15/nov entra no Salesforce como referências tokenizadas não-sensíveis, sem CPF nem dado nominal persistido, por uma carga re-executável que não duplica registros ao rodar de novo.",no,2,yes,1,1,0,2
INT-047,Deduplicação na carga por chave não-sensível,E07,4,,Assumed,data-model,Registros duplicados de estabelecimentos e beneficiárias não entram como referências redundantes: a carga reconhece o mesmo CNPJ (ou CNPJ+UF) vindo de fontes diferentes e colapsa em uma única referência tokenizada.,no,2,yes,1,0,0,1
INT-048,Validação de qualidade e reconciliação pós-carga,E07,4,,Assumed,automation,"Ao fim da carga há prova de que ela bateu com a fonte-de-verdade e de que nenhum dado sensível foi persistido, com critério de aceite e reprocessamento idempotente em caso de falha parcial — condição para defender a carga em auditoria.",no,2,yes,1,0,0,1
INT-049,Painel de adoção do portal da beneficiária,E09,4,,Unknown,lightning-record-page,"Um patrocinador do programa (MTE/Dataprev) enxerga, num painel, o quanto as beneficiárias estão de fato usando o portal e progredindo no funil de cotação — logins, necessidades publicadas, propostas recebidas, seleções e contratos — para dirigir o esforço de adoção onde ele trava.",no,3,yes,0,0,0,0
